Cement (component 1)(kg in a m^3 mixture),Blast Furnace Slag (component 2)(kg in a m^3 mixture),Fly Ash (component 3)(kg in a m^3 mixture),Water  (component 4)(kg in a m^3 mixture),Superplasticizer (component 5)(kg in a m^3 mixture),Coarse Aggregate  (component 6)(kg in a m^3 mixture),Fine Aggregate (component 7)(kg in a m^3 mixture),Age (day),"Concrete compressive strength(MPa, megapascals) "
298.2,0.0,107.0,209.7,11.1,879.6,744.2,28,31.875164956000003
397.0,0.0,0.0,186.0,0.0,1040.0,734.0,28,36.93522932
251.37,0.0,118.27,188.45,6.35,1028.4,757.73,56,36.63875464
304.0,140.0,0.0,214.0,6.0,895.0,722.0,28,33.41890172
297.0,0.0,0.0,186.0,0.0,1040.0,734.0,7,30.9574724
190.34,0.0,125.18,161.85,9.88,1088.1,802.59,100,40.38950408
250.0,0.0,0.0,182.0,0.0,1100.0,820.0,7,12.73462172
333.0,0.0,0.0,192.0,0.0,931.2,842.6,90,41.680203152
144.0,170.0,133.0,192.0,8.0,814.0,805.0,28,29.86810032
139.6,209.4,0.0,192.0,0.0,1047.0,806.9,360,44.698039603999995
145.9,230.5,0.0,202.5,3.4,827.0,871.8,28,32.720462532
160.0,188.0,146.0,203.0,11.0,829.0,710.0,28,32.83974188
260.0,101.0,78.0,171.0,10.0,936.0,763.0,28,49.77327244
323.7,282.8,0.0,183.8,10.3,942.7,659.9,28,74.69782984
213.5,0.0,174.24,159.21,11.66,1043.6,771.9,14,29.592309919999998
165.0,0.02,143.57,163.81,0.0,1005.6,900.9,28,26.200088
277.19,97.82,24.46,160.7,11.19,1061.7,782.46,28,63.14221208
337.9,189.0,0.0,174.9,9.5,944.7,755.8,7,35.101223159999996
254.0,0.0,0.0,198.0,0.0,968.0,863.0,180,27.62730332
213.5,0.0,174.24,159.21,11.66,1043.6,771.9,28,44.63667624
231.75,0.0,121.62,173.96,6.72,1056.4,778.45,28,33.72916592
380.0,95.0,0.0,228.0,0.0,932.0,594.0,28,36.447769788
304.0,76.0,0.0,228.0,0.0,932.0,670.0,270,54.378282643999995
139.6,209.4,0.0,192.0,0.0,1047.0,806.9,7,14.589312159999999
181.9,272.8,0.0,185.7,0.0,1012.4,714.3,28,27.935499091999997
159.8,250.0,0.0,168.4,12.2,1049.3,688.2,28,39.455953576
277.05,0.0,97.39,160.6,11.83,973.9,875.61,3,23.13881456
160.2,188.0,146.4,203.2,11.3,828.7,709.7,28,35.314271244
491.0,26.0,123.0,201.0,3.93,822.0,699.0,56,61.85584685418796
480.0,0.0,0.0,192.0,0.0,936.0,721.0,3,24.39366088
122.6,183.9,0.0,203.5,0.0,958.2,800.1,28,24.290928956
314.0,145.0,113.0,179.0,8.0,869.0,690.0,28,46.2293658
298.0,137.0,107.0,201.0,6.0,878.0,655.0,28,53.52402188
149.0,118.0,92.0,183.0,7.0,953.0,780.0,28,23.51802636
450.1,50.0,0.0,200.0,3.0,1124.4,613.2,28,39.37597436
145.0,116.0,119.0,184.0,5.7,833.0,880.0,28,29.15794004
286.3,200.9,0.0,144.7,11.2,1004.6,803.7,56,72.99482412
446.0,24.0,79.0,162.0,11.61,967.0,712.0,28,57.02655996
194.68,0.0,100.52,170.17,7.48,998.0,901.8,28,37.2661778
302.0,0.0,0.0,203.0,0.0,974.0,817.0,180,26.74477404
236.0,0.0,0.0,194.0,0.0,968.0,885.0,90,21.946021079999998
190.0,190.0,0.0,228.0,0.0,932.0,670.0,270,50.655112243999994
132.0,207.0,161.0,179.0,5.0,867.0,736.0,28,33.301690799999996
151.8,178.1,138.7,167.5,18.3,944.0,694.6,28,36.349864196
540.0,0.0,0.0,173.0,0.0,1125.0,613.0,7,52.61391356
203.5,135.7,0.0,185.7,0.0,1076.2,759.3,28,22.629981272
290.35,0.0,96.18,168.08,9.41,961.18,865.0,14,34.67374804
296.0,0.0,0.0,192.0,0.0,1085.0,765.0,28,21.6495464
376.0,0.0,0.0,214.6,0.0,1003.5,762.36,3,16.27852836
212.07,0.0,121.62,180.31,5.69,1057.6,779.32,14,20.91870184
251.37,0.0,118.27,188.45,5.75,1028.4,757.73,100,43.58177796
150.0,237.0,0.0,174.0,12.0,1069.0,675.0,28,37.431652039999996
212.52,0.0,100.37,159.32,8.71,1007.8,903.59,3,13.54130864
304.0,76.0,0.0,228.0,0.0,932.0,670.0,28,47.813781648
305.3,203.5,0.0,203.5,0.0,965.4,631.0,90,54.598914963999995
152.0,178.0,139.0,168.0,18.0,944.0,695.0,28,36.34917472
295.0,0.0,0.0,185.0,0.0,1069.0,769.0,28,25.17966352
277.05,0.0,97.39,160.6,11.83,973.9,875.61,28,48.28400428
141.9,166.6,129.7,173.5,10.9,882.6,785.3,28,44.61185510399999
310.0,0.0,0.0,192.0,0.0,971.0,850.6,3,9.86640156
310.0,0.0,0.0,192.0,0.0,970.0,850.0,90,34.6806428
304.0,76.0,0.0,228.0,0.0,932.0,670.0,180,50.94882902
153.1,145.0,113.0,178.5,8.0,1001.9,688.7,28,25.559564796
218.85,0.0,124.13,158.49,11.33,1078.7,794.91,3,15.340841
155.0,183.0,0.0,193.0,9.0,1047.0,697.0,28,18.28490352
309.9,142.8,111.2,167.8,22.1,913.9,651.2,28,38.215586251999994
516.0,0.0,0.0,162.0,8.26,801.0,802.0,28,41.36856
229.68,0.0,118.16,195.23,6.13,1028.1,757.63,100,40.85834776
212.57,0.0,100.39,159.35,10.37,1003.8,903.79,100,47.739318239999996
359.0,19.0,141.0,154.0,10.91,942.0,801.0,7,38.610656
166.09,0.0,163.27,176.46,4.49,1058.6,780.09,100,33.5430074
146.5,114.6,89.3,201.9,8.8,860.0,829.5,28,19.98790924
252.0,0.0,0.0,185.0,0.0,1111.0,784.0,28,19.691434559999998
339.2,0.0,0.0,185.7,0.0,1069.2,754.3,28,31.899986092
288.4,121.0,0.0,177.4,7.0,907.9,829.5,28,42.14008364399999
250.0,0.0,95.69,187.42,5.53,956.86,861.17,14,24.91766264
385.0,0.0,0.0,186.0,0.0,966.0,763.0,3,14.699628319999999
362.6,189.0,0.0,164.9,11.6,944.7,755.8,56,77.29715436
522.0,0.0,0.0,146.0,0.0,896.0,896.0,7,50.511011759999995
198.6,132.4,0.0,192.0,0.0,978.4,825.5,180,41.719503284
425.0,106.3,0.0,151.4,18.6,936.0,803.7,56,64.90037588
349.0,0.0,0.0,192.0,0.0,1056.0,809.0,7,9.011451319999999
236.0,0.0,0.0,193.0,0.0,968.0,885.0,180,24.104080959999997
186.2,124.1,0.0,185.7,0.0,1083.4,764.3,28,17.596806471999997
261.0,100.0,78.0,201.0,9.0,864.0,761.0,28,32.39847724
198.6,132.4,0.0,192.0,0.0,978.4,825.5,3,9.131420144
214.9,53.8,121.89,155.63,9.61,1014.3,780.58,28,52.20022796
210.7,316.1,0.0,185.7,0.0,977.0,689.3,28,37.813621743999995
142.0,167.0,130.0,174.0,11.0,883.0,785.0,28,44.6090972
238.05,0.0,94.11,186.66,7.0,949.91,847.01,3,19.93275116
157.0,214.0,152.0,200.0,9.0,819.0,704.0,28,33.05347944
213.5,0.0,174.24,154.61,11.66,1052.3,775.48,14,33.70158688
218.23,54.64,123.78,140.75,11.91,1075.7,792.67,28,55.50971276
149.0,236.0,0.0,176.0,13.0,847.0,893.0,28,32.956952799999996
158.0,0.0,195.0,220.0,11.0,898.0,713.0,28,8.53571288
446.0,24.0,79.0,162.0,11.64,967.0,712.0,56,56.14403068
167.35,129.9,128.62,175.46,7.79,1006.3,746.6,3,14.94094492
475.0,0.0,0.0,228.0,0.0,932.0,594.0,90,42.229026048
374.0,0.0,0.0,190.0,7.0,1013.0,730.0,28,39.05192064
359.0,19.0,141.0,154.0,10.91,942.0,801.0,28,59.494884039999995
388.6,97.1,0.0,157.9,12.1,852.1,925.7,7,34.90127512
212.52,0.0,100.37,159.32,8.71,1007.8,903.59,14,26.310404159999997
290.35,0.0,96.18,168.08,9.41,961.18,865.0,100,48.97348028
173.54,50.05,173.53,164.77,6.47,1006.2,793.5,56,53.77223324
147.8,175.1,0.0,171.2,2.2,1000.0,828.5,28,26.922658848
475.0,118.8,0.0,181.1,8.9,852.1,781.5,3,37.79707432
260.9,100.5,78.3,200.6,8.6,864.5,761.5,28,32.401235144
350.0,0.0,0.0,186.0,0.0,1050.0,770.0,28,34.29453624
212.07,0.0,121.62,180.31,5.69,1057.6,779.32,3,12.47262084
520.0,0.0,0.0,175.0,5.2,870.0,805.0,28,51.021224
148.1,0.0,136.6,158.1,16.1,1001.8,830.1,28,17.959470848000002
279.8,128.9,100.4,172.4,9.5,825.1,804.9,28,52.826961643999994
310.0,0.0,0.0,192.0,0.0,1012.0,830.0,7,17.24379476
213.74,0.0,174.74,154.79,10.16,1053.5,776.35,28,40.14818748
164.2,0.0,200.1,181.2,12.6,849.3,846.0,28,15.091250688
166.8,250.2,0.0,203.5,0.0,975.6,692.6,3,6.902344236
162.0,190.1,148.1,178.8,18.8,838.1,741.4,28,33.762260768
165.0,0.02,143.57,163.81,0.0,1005.6,900.9,100,37.9556538
277.19,97.82,24.46,160.7,11.19,1061.7,782.46,56,66.82401392
531.3,0.0,0.0,141.8,28.2,852.1,893.7,91,59.19840936
500.0,0.0,0.0,200.0,0.0,1125.0,613.0,90,47.22221124
332.5,142.5,0.0,228.0,0.0,932.0,594.0,365,41.052779992
160.0,128.0,122.0,182.0,6.4,824.0,879.0,28,39.39665864
500.0,0.0,0.0,200.0,0.0,1125.0,613.0,1,12.63809508
385.0,0.0,0.0,186.0,0.0,966.0,763.0,7,23.221551679999997
401.8,94.7,0.0,147.4,11.4,946.8,852.1,91,75.49762199999999
284.0,15.0,141.0,179.0,5.46,842.0,801.0,3,13.395533715270679
182.04,45.21,121.97,170.21,8.19,1059.4,780.65,14,21.504756439999998
144.0,15.0,195.0,176.0,6.0,1021.0,709.0,28,15.340841
108.3,162.4,0.0,203.5,0.0,938.2,849.0,28,20.593958644
400.0,0.0,0.0,187.0,0.0,1025.0,745.0,28,43.69898888
359.0,19.0,141.0,154.0,10.91,942.0,801.0,3,25.11662571527068
233.81,0.0,94.58,197.89,4.567,947.04,852.16,3,10.38350856
305.0,0.0,100.0,196.0,10.0,959.0,705.0,28,30.12320644
425.0,106.3,0.0,153.5,16.5,852.1,887.1,56,64.30053176
314.0,0.0,113.0,170.0,10.0,925.0,783.0,28,38.45897128
297.16,0.0,117.54,174.8,9.52,1022.8,753.45,28,47.401475
339.0,0.0,0.0,197.0,0.0,968.0,781.0,28,32.039949719999996
332.5,142.5,0.0,228.0,0.0,932.0,594.0,270,40.269535256000005
166.09,0.0,163.27,176.46,4.49,1058.6,780.09,56,28.62704352
439.0,177.0,0.0,186.0,11.1,884.9,707.9,28,65.99664272
148.1,0.0,182.1,181.4,15.0,838.9,884.3,28,15.526310044
313.8,0.0,112.6,169.9,10.1,925.3,782.9,28,38.461039708
167.0,75.4,167.0,164.03,7.91,1007.3,770.1,100,56.8128224
172.38,13.61,172.37,156.76,4.14,1006.3,856.4,56,35.852751999999995
307.0,0.0,0.0,193.0,0.0,968.0,812.0,180,34.48758952
229.97,0.0,118.31,195.47,4.63,1029.4,758.59,3,10.0318758
166.8,250.2,0.0,203.5,0.0,975.6,692.6,90,43.565230536
525.0,0.0,0.0,189.0,0.0,1125.0,613.0,180,61.921839559999995
349.0,0.0,0.0,192.0,0.0,1047.0,806.0,3,14.98920824
366.0,187.0,0.0,191.0,7.0,824.0,757.0,28,65.90701084
350.0,0.0,0.0,203.0,0.0,974.0,775.0,90,31.35047372
304.0,76.0,0.0,228.0,0.0,932.0,670.0,365,55.260122448
295.71,0.0,95.64,171.54,8.87,955.14,859.2,3,22.94576128
525.0,0.0,0.0,189.0,0.0,1125.0,613.0,90,58.78472376
225.0,0.0,0.0,181.0,0.0,1113.0,833.0,28,17.3403214
136.4,161.6,125.8,171.6,10.4,922.6,764.4,28,29.073134491999998
231.75,0.0,121.62,173.96,6.72,1056.4,778.45,100,45.83636448
298.1,0.0,107.0,186.4,6.1,879.0,815.2,28,42.6440906
272.6,0.0,89.6,198.7,10.6,931.3,762.2,28,32.245413568000004
255.0,99.0,77.0,189.0,6.0,919.0,749.0,28,33.79811352
173.81,93.37,159.9,172.34,9.73,1007.2,746.6,14,29.55094136
236.0,157.0,0.0,192.0,0.0,972.6,749.1,28,32.88455782
310.0,0.0,0.0,192.0,0.0,970.0,850.0,360,38.11423328
427.5,47.5,0.0,228.0,0.0,932.0,594.0,90,41.542997428
382.0,0.0,0.0,186.0,0.0,1047.0,739.0,7,24.00065956
332.5,142.5,0.0,228.0,0.0,932.0,594.0,90,37.721921436
173.0,116.0,0.0,192.0,0.0,946.8,856.8,90,32.102692036
446.0,24.0,79.0,162.0,11.64,967.0,712.0,3,23.34565736
397.0,0.0,0.0,185.7,0.0,1040.6,734.3,7,25.447869684
250.2,166.8,0.0,203.5,0.0,977.6,694.1,28,36.964187312
277.19,97.82,24.46,160.7,11.19,1061.7,782.46,3,30.44726016
303.6,139.9,0.0,213.5,6.2,895.5,722.5,28,33.419591196
155.0,184.0,143.0,194.0,9.0,880.0,699.0,28,28.98557104
339.0,0.0,0.0,185.0,0.0,1069.0,754.0,7,21.160018439999998
255.5,170.3,0.0,185.7,0.0,1026.6,724.3,28,32.051670812
165.0,128.5,132.1,175.06,8.08,1005.8,746.6,14,33.08795324
140.0,133.0,103.0,200.0,7.0,916.0,753.0,28,36.4388066
376.0,0.0,0.0,214.6,0.0,1003.5,762.36,56,36.3009114
305.3,203.5,0.0,203.5,0.0,965.4,631.0,7,25.893960655999997
259.9,100.6,78.4,170.6,10.4,935.7,762.9,28,49.77327244
425.0,106.3,0.0,153.5,16.5,852.1,887.1,7,49.20100736
540.0,0.0,0.0,173.0,0.0,1125.0,613.0,14,59.76377968
362.6,189.0,0.0,164.9,11.6,944.7,755.8,7,55.89581932
154.0,174.0,185.0,228.0,7.0,845.0,612.0,28,24.3385028
149.0,117.6,91.7,182.9,7.1,953.4,780.3,28,23.524231644
389.9,189.0,0.0,145.9,22.0,944.7,755.8,91,82.5992248
102.0,153.0,0.0,192.0,0.0,887.0,942.0,28,17.275510655999998
323.7,282.8,0.0,183.8,10.3,942.7,659.9,3,28.296095039999997
393.0,0.0,0.0,192.0,0.0,940.0,758.0,90,48.79421652
250.2,166.8,0.0,203.5,0.0,977.6,694.1,3,9.731264264
251.37,0.0,118.27,192.94,5.75,1043.6,754.3,3,11.98309288
134.7,0.0,165.7,180.2,10.0,961.0,804.9,28,13.293786756
525.0,0.0,0.0,189.0,0.0,1125.0,613.0,14,48.401215199999996
425.0,106.3,0.0,153.5,16.5,852.1,887.1,3,33.398217439999996
356.0,0.0,142.0,193.0,11.0,801.0,778.0,28,40.865242519999995
233.81,0.0,94.58,197.89,4.567,947.04,852.16,100,34.55653712
249.1,0.0,98.75,158.11,12.8,987.76,889.01,28,30.84715624
190.34,0.0,125.18,161.85,9.88,1088.1,802.59,28,28.46846404
427.5,47.5,0.0,228.0,0.0,932.0,594.0,270,43.01296026
349.0,0.0,0.0,192.0,0.0,1047.0,806.9,3,15.049192651999999
144.0,136.0,106.0,178.0,7.0,941.0,774.0,28,26.14492992
296.0,0.0,106.7,221.4,10.5,819.2,778.4,28,31.420110796000003
146.0,230.0,0.0,202.0,3.0,827.0,872.0,28,33.0603742
212.0,141.3,0.0,203.5,0.0,973.4,750.0,28,33.003837168
310.0,0.0,0.0,192.0,0.0,970.0,850.0,180,37.32823064
380.0,95.0,0.0,228.0,0.0,932.0,594.0,90,40.563252031999994
213.74,0.0,174.74,154.79,10.16,1053.5,776.35,3,17.57474324
359.0,19.0,141.0,154.0,10.91,942.0,801.0,7,35.75425543054136
166.8,250.2,0.0,203.5,0.0,975.6,692.6,7,15.748321315999998
491.0,26.0,123.0,210.0,3.93,882.0,699.0,3,25.60910856945864
194.68,0.0,100.52,165.62,7.48,1006.4,905.9,100,37.34202016
350.0,0.0,0.0,203.0,0.0,974.0,775.0,7,18.12632404
152.7,144.7,0.0,178.1,8.0,999.7,822.2,28,19.009542795999998
193.5,290.2,0.0,185.7,0.0,998.2,704.3,7,17.200357771999997
313.0,145.0,0.0,178.0,8.0,867.0,824.0,28,44.38846488
491.0,26.0,123.0,201.0,3.93,822.0,699.0,28,57.915983999999995
385.0,0.0,0.0,186.0,0.0,966.0,763.0,28,31.35047372
246.83,0.0,125.08,143.3,11.99,1086.8,800.89,14,42.21661548
525.0,0.0,0.0,189.0,0.0,1125.0,613.0,3,33.79811352
313.0,145.0,0.0,178.0,8.0,1002.0,689.0,28,41.05140104
387.0,20.0,94.0,157.0,11.61,938.0,845.0,3,34.77027468
229.68,0.0,118.16,195.23,6.13,1028.1,757.63,14,22.31833812
286.3,200.9,0.0,144.7,11.2,1004.6,803.7,91,76.80073164
321.0,164.0,0.0,190.0,5.0,870.0,774.0,28,57.21271848
475.0,118.8,0.0,181.1,8.9,852.1,781.5,56,72.29845336
155.0,0.0,143.0,193.0,9.0,877.0,868.0,28,9.735401119999999
214.9,53.8,121.89,155.63,9.61,1014.3,780.58,56,53.95839176
286.3,200.9,0.0,144.7,11.2,1004.6,803.7,7,37.997022359999995
439.0,177.0,0.0,186.0,11.1,884.9,707.9,3,39.300132
153.1,145.0,113.0,178.5,8.0,867.2,824.0,28,26.233182848000002
246.83,0.0,125.08,143.3,11.99,1086.8,800.89,100,66.42411784
289.0,134.0,0.0,195.0,6.0,924.0,760.0,28,46.24315532
387.0,20.0,94.0,157.0,13.93,938.0,845.0,7,45.89841732
251.37,0.0,118.27,192.94,5.75,1043.6,754.3,28,33.27411176
332.5,142.5,0.0,228.0,0.0,932.0,594.0,7,30.275580636
238.05,0.0,94.11,186.66,7.0,949.91,847.01,28,30.2335226
277.0,0.0,0.0,191.0,0.0,968.0,856.0,14,21.26343984
439.0,177.0,0.0,186.0,11.1,884.9,707.9,56,71.69860924
362.6,189.0,0.0,164.9,11.6,944.7,755.8,7,22.89749796
214.9,53.8,121.89,155.63,9.61,1014.3,780.58,14,38.60376124
277.0,0.0,0.0,191.0,0.0,968.0,856.0,180,32.32952964
173.81,93.37,159.9,172.34,9.73,1007.2,746.6,3,15.81657944
323.7,282.8,0.0,183.8,10.3,942.7,659.9,56,80.19984832
277.0,116.8,91.0,190.6,7.0,946.5,665.6,28,43.57833058
202.0,11.0,141.0,206.0,1.72,942.0,801.0,56,23.24519085418796
362.6,189.0,0.0,164.9,11.6,944.7,755.8,91,79.29663476
261.9,110.5,86.1,195.4,5.0,895.2,732.6,28,33.71882378
275.07,0.0,121.35,159.48,9.9,1053.6,777.5,56,56.847296199999995
203.5,305.3,0.0,203.5,0.0,963.4,630.0,90,51.863763672
159.0,209.0,161.0,201.0,7.0,848.0,669.0,28,30.881630039999997
251.37,0.0,118.27,188.45,5.75,1028.4,757.73,14,29.93015316
145.7,172.6,0.0,181.9,3.4,985.8,816.8,28,23.744174488
374.0,189.2,0.0,170.1,10.1,926.1,756.7,28,61.09446836
145.0,0.0,134.0,181.0,11.0,979.0,812.0,28,13.19657064
376.0,0.0,0.0,214.6,0.0,1003.5,762.36,100,43.0577762
425.0,106.3,0.0,151.4,18.6,936.0,803.7,91,66.69990824
425.0,106.3,0.0,153.5,16.5,852.1,887.1,56,64.30053176
389.9,189.0,0.0,145.9,22.0,944.7,755.8,7,59.09498796
252.31,0.0,98.75,146.25,14.17,987.76,889.01,3,21.78054684
393.0,0.0,0.0,192.0,0.0,940.0,758.0,3,19.10537996
255.0,0.0,0.0,192.0,0.0,889.8,945.0,7,10.222171176
237.5,237.5,0.0,228.0,0.0,932.0,594.0,90,33.116911232
277.05,0.0,97.39,160.6,11.83,973.9,875.61,14,41.885667
251.37,0.0,118.27,192.94,5.75,1043.6,754.3,14,20.72564856
540.0,0.0,0.0,162.0,2.5,1040.0,676.0,28,79.98611076
275.0,0.0,0.0,183.0,0.0,1088.0,808.0,28,24.49708228
213.5,0.0,174.24,154.61,11.66,1052.3,775.48,3,17.36790044
480.0,0.0,0.0,192.0,0.0,936.2,712.2,7,34.569637164
251.37,0.0,118.27,188.45,5.75,1028.4,757.73,56,36.96970312
156.0,243.0,0.0,180.0,11.0,1022.0,698.0,28,37.36270444
251.37,0.0,118.27,192.94,5.75,1043.6,754.3,56,39.2656582
165.0,128.5,132.1,175.06,8.08,1005.8,746.6,100,55.020184799999996
300.0,0.0,120.0,212.0,10.0,878.0,728.0,28,23.83518532
212.0,0.0,124.78,159.0,7.84,1085.4,799.54,3,19.519065559999998
236.0,157.0,0.0,192.0,0.0,972.6,749.1,90,47.782065751999994
304.0,76.0,0.0,228.0,0.0,932.0,670.0,90,49.185149411999994
108.3,162.4,0.0,203.5,0.0,938.2,849.0,90,29.231713971999998
379.5,151.2,0.0,153.9,15.9,1134.3,605.0,28,52.20022796
310.0,142.8,0.0,167.9,10.0,914.3,804.0,28,45.304778483999996
173.0,116.0,0.0,192.0,0.0,946.8,856.8,3,6.940954892
475.0,0.0,0.0,228.0,0.0,932.0,594.0,180,42.620648416
446.0,24.0,79.0,162.0,11.61,967.0,712.0,7,52.00717468
333.0,0.0,0.0,192.0,0.0,931.2,842.6,3,15.615941924
251.81,0.0,99.94,146.14,12.35,1006.0,899.76,3,21.02212324
290.2,193.5,0.0,185.7,0.0,998.2,704.3,28,33.0431373
135.7,203.5,0.0,185.7,0.0,1076.2,759.3,7,7.507014687999999
194.68,0.0,100.52,170.17,7.48,998.0,901.8,56,43.388724679999996
387.0,20.0,94.0,157.0,14.32,938.0,845.0,56,56.33708396
236.0,0.0,0.0,194.0,0.0,968.0,885.0,14,12.83804312
469.0,117.2,0.0,137.8,32.2,852.1,840.5,28,66.89985628
313.0,0.0,0.0,178.0,8.0,1000.0,822.0,28,25.0969264
475.0,118.8,0.0,181.1,8.9,852.1,781.5,7,55.59934464
322.0,0.0,0.0,203.0,0.0,974.0,800.0,180,29.58541516
387.0,20.0,94.0,157.0,13.93,938.0,845.0,56,47.96684532
312.7,144.7,0.0,127.3,8.0,999.7,822.2,28,44.523602176000004
162.0,214.0,164.0,202.0,10.0,820.0,680.0,28,30.647208199999998
331.0,0.0,0.0,192.0,0.0,1025.0,821.0,28,31.74347504
424.0,22.0,132.0,168.0,8.92,822.0,750.0,3,32.109882284729316
313.0,161.0,0.0,178.0,10.0,917.0,759.0,28,52.44154456
228.0,342.1,0.0,185.7,0.0,955.8,674.3,28,39.699338604
212.0,0.0,124.78,159.0,7.84,1085.4,799.54,14,31.35047372
254.0,0.0,0.0,198.0,0.0,968.0,863.0,3,9.307926
213.5,0.0,174.24,154.61,11.66,1052.3,775.48,100,59.30183076
254.0,0.0,0.0,198.0,0.0,968.0,863.0,90,26.94472208
331.0,0.0,0.0,192.0,0.0,1025.0,821.0,120,39.382869119999995
500.0,0.0,0.0,140.0,4.0,966.0,853.0,28,67.568648
326.5,0.0,137.9,199.0,10.8,801.1,792.5,28,38.630650804
166.8,250.2,0.0,203.5,0.0,975.6,692.6,28,33.947729812
297.16,0.0,117.54,174.8,9.52,1022.8,753.45,56,51.95891136
305.3,203.5,0.0,203.5,0.0,965.4,631.0,3,14.143910664
251.81,0.0,99.94,146.14,12.35,1006.0,899.76,28,33.94290348
222.36,0.0,96.67,189.29,4.46,967.08,870.32,56,29.447519959999997
331.0,0.0,0.0,192.0,0.0,1025.0,821.0,3,14.306626999999999
251.37,0.0,118.27,188.45,5.75,1028.4,757.73,28,29.654362759999998
212.0,141.3,0.0,203.5,0.0,973.4,750.0,7,15.030576799999999
284.0,15.0,141.0,179.0,5.46,842.0,801.0,7,24.13166
153.0,102.0,0.0,192.0,0.0,888.0,943.1,28,17.96429718
425.0,106.3,0.0,153.5,16.5,852.1,887.1,7,49.20100736
173.0,116.0,0.0,192.0,0.0,946.8,856.8,28,24.281965768
425.0,106.3,0.0,153.5,16.5,852.1,887.1,7,49.20100736
194.68,0.0,100.52,170.17,7.48,998.0,901.8,100,44.27814872
200.0,133.0,0.0,192.0,0.0,965.4,806.2,28,30.439675923999996
165.0,0.02,143.57,163.81,0.0,1005.6,900.9,56,36.56291228
342.0,38.0,0.0,228.0,0.0,932.0,670.0,180,52.1243856
322.0,0.0,0.0,203.0,0.0,974.0,800.0,14,20.77391188
156.0,178.0,187.0,221.0,7.0,854.0,614.0,28,29.41304616
165.0,0.0,150.0,182.0,12.0,1023.0,729.0,28,18.0297974
165.0,0.02,143.57,163.81,0.0,1005.6,900.9,14,16.87837248
313.3,262.2,0.0,175.5,8.6,1046.9,611.8,91,66.59648684
190.0,190.0,0.0,228.0,0.0,932.0,670.0,90,42.32693164
250.0,0.0,95.69,191.84,5.33,948.9,857.2,28,27.22051248
213.74,0.0,174.74,154.79,10.16,1053.5,776.35,100,50.07664188
266.0,114.0,0.0,228.0,0.0,932.0,670.0,270,51.732763231999996
469.0,117.2,0.0,137.8,32.2,852.1,840.5,91,70.69886903999999
540.0,0.0,0.0,173.0,0.0,1125.0,613.0,270,74.16693332
181.9,272.8,0.0,185.7,0.0,1012.4,714.3,7,12.37264682
255.3,98.8,77.0,188.6,6.5,919.0,749.3,28,33.798802996
332.5,142.5,0.0,228.0,0.0,932.0,594.0,28,33.019005639999996
266.0,114.0,0.0,228.0,0.0,932.0,670.0,28,45.854290856
233.81,0.0,94.58,197.89,4.567,947.04,852.16,14,22.13907436
337.9,189.0,0.0,174.9,9.5,944.7,755.8,56,59.89478012
251.37,0.0,118.27,188.45,6.35,1028.4,757.73,14,24.42813468
213.76,98.06,24.52,181.74,6.65,1066.0,785.52,14,17.83674412
203.5,135.7,0.0,185.7,0.0,1076.2,759.3,7,11.957582268
295.0,0.0,0.0,185.0,0.0,1069.0,769.0,7,14.796154959999999
190.34,0.0,125.18,161.85,9.88,1088.1,802.59,3,9.4458212
158.8,238.2,0.0,185.7,0.0,1040.6,734.3,7,9.617500724000001
264.5,111.0,86.5,195.5,5.9,832.6,790.4,28,41.542307951999994
491.0,26.0,123.0,201.0,3.93,822.0,699.0,7,37.92118
143.8,136.3,106.2,178.1,7.5,941.5,774.3,28,26.147687824
192.0,288.0,0.0,192.0,0.0,929.8,716.1,28,39.321505756
170.3,155.5,0.0,185.7,0.0,1026.6,724.3,7,10.730314988
157.0,236.0,0.0,192.0,0.0,935.4,781.2,7,16.889404096
334.0,17.6,158.0,189.0,15.3,967.0,633.0,28,44.32641204
333.0,0.0,0.0,192.0,0.0,931.2,842.6,28,31.966865263999996
480.0,0.0,0.0,192.0,0.0,936.2,712.2,90,54.315540328
190.68,0.0,125.4,162.14,7.77,1090.0,804.01,14,21.063491799999998
310.0,0.0,0.0,192.0,0.0,1012.0,830.0,28,27.827251359999998
381.4,0.0,0.0,185.7,0.0,1104.6,784.3,28,22.489328168
289.0,0.0,0.0,192.0,0.0,913.2,895.3,7,14.596896395999998
296.0,0.0,0.0,192.0,0.0,1085.0,765.0,7,14.2032056
475.0,0.0,0.0,162.0,9.5,1044.0,662.0,28,58.522722879999996
166.0,260.0,0.0,183.0,13.0,859.0,827.0,28,37.91428524
154.0,144.0,112.0,220.0,10.0,923.0,658.0,28,16.49916068
237.5,237.5,0.0,228.0,0.0,932.0,594.0,28,30.079769451999997
491.0,26.0,123.0,210.0,3.93,882.0,699.0,56,59.590425715270676
133.1,210.2,0.0,195.7,3.1,949.4,795.3,28,28.937997196
491.0,26.0,123.0,201.0,3.93,822.0,699.0,3,29.54897143054136
339.0,0.0,0.0,185.0,0.0,1060.0,754.0,28,31.6469484
157.0,236.0,0.0,192.0,0.0,935.4,781.2,3,9.694722036
436.0,0.0,0.0,218.0,0.0,838.4,719.7,28,23.84897484
157.0,236.0,0.0,192.0,0.0,935.4,781.2,90,43.377003588
135.7,203.5,0.0,185.7,0.0,1076.2,759.3,28,18.19871902
475.0,0.0,59.0,142.0,1.9,1098.0,641.0,28,57.226507999999995
252.31,0.0,98.75,146.25,14.17,987.76,889.01,56,55.82687172
316.1,210.7,0.0,185.7,0.0,977.0,689.3,28,38.70028788
229.97,0.0,118.31,195.47,4.63,1029.4,758.59,100,35.34253976
233.81,0.0,94.58,197.89,4.567,947.04,852.16,28,22.83544512
275.07,0.0,121.35,159.48,9.9,1053.6,777.5,28,51.331488199999995
331.0,0.0,0.0,192.0,0.0,978.0,825.0,7,16.26473884
212.0,141.3,0.0,203.5,0.0,973.4,750.0,90,39.700028079999996
229.97,0.0,118.31,195.47,4.63,1029.4,758.59,14,20.08443588
387.0,20.0,94.0,157.0,13.93,938.0,845.0,28,46.68441996
289.0,0.0,0.0,192.0,0.0,913.2,895.3,28,25.573354316
265.0,111.0,86.0,195.0,6.0,833.0,790.0,28,41.540929
200.0,133.0,0.0,192.0,0.0,965.4,806.2,90,43.25082948
173.54,50.05,173.53,164.77,6.47,1006.2,793.5,100,56.061293559999996
380.0,95.0,0.0,228.0,0.0,932.0,594.0,365,43.698299404
213.76,98.06,24.52,181.74,6.65,1066.0,785.52,100,49.973220479999995
375.0,0.0,0.0,186.0,0.0,1038.0,758.0,7,26.0621928
380.0,95.0,0.0,228.0,0.0,932.0,594.0,180,40.759063216
203.5,305.3,0.0,203.5,0.0,963.4,630.0,7,19.539060364
375.0,93.8,0.0,126.6,23.4,852.1,992.6,91,62.5009994
168.88,42.22,124.25,158.33,10.83,1080.8,796.15,100,48.15300384
385.0,0.0,0.0,186.0,0.0,966.0,763.0,1,6.26733684
425.0,106.3,0.0,153.5,16.5,852.1,887.1,56,64.30053176
318.8,212.5,0.0,155.7,14.3,852.1,880.4,7,33.398217439999996
298.1,0.0,107.5,163.6,12.8,953.2,784.0,28,35.86585204399999
193.5,290.2,0.0,185.7,0.0,998.2,704.3,28,32.626693796000005
475.0,118.8,0.0,181.1,8.9,852.1,781.5,91,74.19451236
252.0,0.0,0.0,185.0,0.0,1111.0,784.0,7,13.71367764
158.8,238.2,0.0,185.7,0.0,1040.6,734.3,28,21.066249704
298.0,0.0,107.0,186.0,6.0,879.0,815.0,28,42.63719584
228.0,342.1,0.0,185.7,0.0,955.8,674.3,7,21.917063088
350.0,0.0,0.0,203.0,0.0,974.0,775.0,14,22.53207568
220.8,147.2,0.0,185.7,0.0,1055.0,744.3,28,25.745033839999998
362.6,189.0,0.0,164.9,11.6,944.7,755.8,7,55.89581932
289.0,0.0,0.0,192.0,0.0,913.2,895.3,3,11.654902304
333.0,17.5,163.0,167.0,17.9,996.0,652.0,28,47.27736932
144.0,0.0,175.0,158.0,18.0,943.0,844.0,28,15.41668336
277.05,0.0,97.39,160.6,11.83,973.9,875.61,56,51.03501352
310.0,0.0,0.0,192.0,0.0,1012.0,830.0,90,35.763120119999996
288.0,192.0,0.0,192.0,0.0,932.0,717.8,3,16.10960674
362.6,189.0,0.0,164.9,11.6,944.7,755.8,28,71.29871315999999
339.0,0.0,0.0,185.0,0.0,1069.0,754.0,28,31.84000168
275.0,0.0,0.0,183.0,0.0,1088.0,808.0,7,14.2032056
540.0,0.0,0.0,173.0,0.0,1125.0,613.0,180,71.62276688
500.0,0.0,0.0,200.0,0.0,1125.0,613.0,3,26.0621928
516.0,0.0,0.0,162.0,8.2,801.0,802.0,28,41.36856
218.85,0.0,124.13,158.49,11.33,1078.7,794.91,14,26.04840328
380.0,0.0,0.0,228.0,0.0,932.0,670.0,270,53.300631656
325.6,166.4,0.0,174.0,8.9,881.6,790.0,28,61.23581094
167.0,75.4,167.0,164.03,7.91,1007.3,770.1,14,32.90179472
250.0,0.0,95.69,191.84,5.33,948.9,857.2,3,8.48744956
239.6,359.4,0.0,185.7,0.0,941.6,664.3,7,25.422359072
194.68,0.0,100.52,170.17,7.48,998.0,901.8,14,24.28334472
222.36,0.0,96.67,189.29,4.46,967.08,870.32,28,24.8900836
480.0,0.0,0.0,192.0,0.0,936.0,721.0,90,54.27555072
280.0,129.0,100.0,172.0,9.0,825.0,805.0,28,52.82075636
181.38,0.0,167.01,169.59,7.56,1055.6,777.8,3,13.62404576
427.5,47.5,0.0,228.0,0.0,932.0,594.0,365,43.698299404
287.3,120.5,93.9,187.6,9.2,904.4,695.9,28,43.798273423999994
295.8,0.0,0.0,185.7,0.0,1091.4,769.3,7,14.843728804
322.5,148.6,0.0,185.8,8.5,951.0,709.5,28,52.426376088
480.0,0.0,0.0,192.0,0.0,936.2,712.2,3,24.404692496
374.0,189.2,0.0,170.1,10.1,926.1,756.7,91,64.90037588
381.4,0.0,0.0,185.7,0.0,1104.6,784.3,7,14.54104884
387.0,20.0,94.0,157.0,11.61,938.0,845.0,56,61.45989064
312.7,0.0,0.0,178.1,8.0,999.7,822.2,28,25.10382116
480.0,0.0,0.0,192.0,0.0,936.0,721.0,28,43.892042159999995
275.07,0.0,121.35,159.48,9.9,1053.6,777.5,14,38.76923548
149.0,153.0,194.0,192.0,8.0,935.0,623.0,28,24.579819399999998
173.54,50.05,173.53,164.77,6.47,1006.2,793.5,28,38.20386516
350.0,0.0,0.0,203.0,0.0,974.0,775.0,28,27.337723399999998
212.07,0.0,121.62,180.31,5.69,1057.6,779.32,56,34.20490436
178.03,129.8,118.6,179.94,3.57,1007.3,746.8,100,49.99390476
374.3,0.0,0.0,190.2,6.7,1013.2,730.4,28,39.056057496
139.6,209.4,0.0,192.0,0.0,1047.0,806.9,180,44.207822168
173.81,93.37,159.9,172.34,9.73,1007.2,746.6,56,48.9872698
385.0,0.0,0.0,186.0,0.0,966.0,763.0,14,27.923778
140.0,164.0,128.0,237.0,6.0,869.0,656.0,28,35.225328839999996
315.0,137.0,0.0,145.0,5.9,1130.0,745.0,28,81.75116932
181.38,0.0,167.01,169.59,7.56,1055.6,777.8,14,21.601283079999998
400.0,0.0,0.0,187.0,0.0,1025.0,745.0,7,30.143890719999998
318.8,212.5,0.0,155.7,14.3,852.1,880.4,3,25.2003478
356.0,119.0,0.0,160.0,9.03,1061.0,657.0,28,58.99846132
143.7,170.2,132.6,191.6,8.5,814.1,805.3,28,29.870858223999996
145.0,0.0,179.0,202.0,8.0,824.0,869.0,28,10.53519328
286.3,200.9,0.0,144.7,11.2,1004.6,803.7,3,24.40055564
322.0,149.0,0.0,186.0,8.0,951.0,709.0,28,52.42086028
251.37,0.0,118.27,192.94,5.75,1043.6,754.3,100,40.14818748
277.0,117.0,91.0,191.0,7.0,946.0,666.0,28,43.5748832
388.6,97.1,0.0,157.9,12.1,852.1,925.7,56,55.19944856
229.97,0.0,118.31,195.47,4.63,1029.4,758.59,56,31.53663224
190.34,0.0,125.18,166.61,9.88,1079.0,798.9,100,33.56369168
376.0,0.0,0.0,214.6,0.0,1003.5,762.36,14,25.62092816
150.0,236.8,0.0,173.8,11.9,1069.3,674.8,28,37.431652039999996
266.0,114.0,0.0,228.0,0.0,932.0,670.0,180,48.695621452
405.0,0.0,0.0,175.0,0.0,1120.0,695.0,28,52.30364936
362.6,189.0,0.0,164.9,11.6,944.7,755.8,28,71.29871315999999
321.3,164.2,0.0,190.5,4.6,870.0,774.0,28,57.21823428799999
160.0,250.0,0.0,168.0,12.0,1049.0,688.0,28,39.45181672
237.5,237.5,0.0,228.0,0.0,932.0,594.0,365,38.995383608
362.6,189.0,0.0,164.9,11.6,944.7,755.8,3,35.3011712
133.0,210.0,0.0,196.0,3.0,949.0,795.0,28,31.026419999999998
331.0,0.0,0.0,192.0,0.0,978.0,825.0,90,37.231704
277.0,0.0,0.0,191.0,0.0,968.0,856.0,360,33.70158688
218.85,0.0,124.13,158.49,11.33,1078.7,794.91,28,30.219733079999997
276.4,116.0,90.3,179.6,8.9,870.1,768.3,28,44.284354003999994
374.0,189.2,0.0,170.1,10.1,926.1,756.7,3,34.39795764
397.0,0.0,0.0,185.7,0.0,1040.6,734.3,28,33.082437432
310.0,0.0,0.0,192.0,0.0,970.0,850.0,7,14.98920824
178.03,129.8,118.6,179.94,3.57,1007.3,746.8,14,34.23937816
252.1,97.1,75.6,193.8,8.3,835.5,821.4,28,33.399596392
148.0,0.0,182.0,181.0,15.0,839.0,884.0,28,15.520104759999999
152.6,238.7,0.0,200.0,6.3,1001.8,683.9,28,26.859916531999996
254.0,0.0,0.0,198.0,0.0,968.0,863.0,365,29.7853632
252.0,0.0,0.0,186.0,0.0,1111.0,784.0,7,11.46598588
321.0,0.0,128.0,182.0,11.0,870.0,780.0,28,37.25928304
322.2,0.0,115.6,196.0,10.4,817.9,813.4,28,31.178794196000002
194.68,0.0,100.52,165.62,7.48,1006.4,905.9,56,33.963587759999996
190.34,0.0,125.18,166.61,9.88,1079.0,798.9,3,12.5484632
231.75,0.0,121.62,173.96,6.72,1056.4,778.45,14,26.77235308
213.72,98.05,24.51,181.71,6.86,1065.8,785.38,3,17.9953236
520.0,0.0,0.0,170.0,5.2,855.0,855.0,28,60.280886679999995
203.5,305.3,0.0,203.5,0.0,963.4,630.0,3,9.561653168
238.0,0.0,0.0,185.0,0.0,1118.0,789.0,28,17.54026944
181.38,0.0,167.01,169.59,7.56,1055.6,777.8,28,27.77209328
312.9,160.5,0.0,177.6,9.6,916.6,759.5,28,52.446370892
192.0,288.0,0.0,192.0,0.0,929.8,716.1,7,21.48062478
133.0,200.0,0.0,192.0,0.0,927.4,839.2,28,27.874825204
337.9,189.0,0.0,174.9,9.5,944.7,755.8,91,67.79617508
295.71,0.0,95.64,171.54,8.87,955.14,859.2,100,52.04164848
173.54,50.05,173.53,164.77,6.47,1006.2,793.5,14,33.00521612
469.0,117.2,0.0,137.8,32.2,852.1,840.5,56,69.29923276
310.0,143.0,111.0,168.0,22.0,914.0,651.0,28,33.68779736
210.7,316.1,0.0,185.7,0.0,977.0,689.3,7,21.819846971999997
182.04,45.21,121.97,170.21,8.19,1059.4,780.65,28,31.2677366
122.6,183.9,0.0,203.5,0.0,958.2,800.1,90,33.192064116000005
146.0,173.0,0.0,182.0,3.0,986.0,817.0,28,23.73865868
393.0,0.0,0.0,192.0,0.0,940.6,785.6,7,27.742445811999996
425.0,106.3,0.0,153.5,16.5,852.1,887.1,91,65.19685056
212.0,0.0,124.78,159.0,7.84,1085.4,799.54,56,45.08483564
141.3,212.0,0.0,203.5,0.0,971.8,748.5,90,39.6621069
333.0,0.0,0.0,192.0,0.0,931.2,842.6,7,23.404952295999998
290.35,0.0,96.18,168.08,9.41,961.18,865.0,28,34.73580088
251.81,0.0,99.94,146.14,12.35,1006.0,899.76,14,33.35684888
135.0,0.0,166.0,180.0,10.0,961.0,805.0,28,13.29309728
401.8,94.7,0.0,147.4,11.4,946.8,852.1,7,54.09628696
296.0,0.0,0.0,186.0,0.0,1090.0,769.0,7,18.91232668
238.05,0.0,94.11,186.66,7.0,949.91,847.01,14,25.68987576
250.0,0.0,95.69,187.42,5.53,956.86,861.17,56,38.32797084
362.6,189.0,0.0,164.9,11.6,944.7,755.8,91,79.29663476
331.0,0.0,0.0,192.0,0.0,1025.0,821.0,7,17.43684804
332.5,142.5,0.0,228.0,0.0,932.0,594.0,180,39.779317819999996
299.8,0.0,119.8,211.5,9.9,878.2,727.6,28,23.835874796
388.6,97.1,0.0,157.9,12.1,852.1,925.7,28,50.69717028
250.2,166.8,0.0,203.5,0.0,977.6,694.1,7,19.35014394
339.0,0.0,0.0,197.0,0.0,968.0,781.0,7,20.96696516
139.6,209.4,0.0,192.0,0.0,1047.0,806.9,28,28.23748958
165.0,128.5,132.1,175.06,8.08,1005.8,746.6,28,46.38794528
500.1,0.0,0.0,200.0,3.0,1124.4,613.2,28,44.13335876
249.1,0.0,98.75,158.11,12.8,987.76,889.01,14,28.6822016
286.3,200.9,0.0,144.7,11.2,1004.6,803.7,28,67.69964844
164.6,0.0,150.4,181.6,11.7,1023.3,728.9,28,18.033934256
238.05,0.0,94.11,186.66,7.0,949.91,847.01,100,44.298833
222.36,0.0,96.67,189.29,4.46,967.08,870.32,14,24.44881896
379.5,151.2,0.0,153.9,15.9,1134.3,605.0,56,54.896079119999996
139.6,209.4,0.0,192.0,0.0,1047.0,806.9,3,8.06342182
238.2,158.8,0.0,185.7,0.0,1040.6,734.3,7,15.691094808
190.34,0.0,125.18,161.85,9.88,1088.1,802.59,14,22.718234199999998
277.19,97.82,24.46,160.7,11.19,1061.7,782.46,14,47.7117392
190.34,0.0,125.18,166.61,9.88,1079.0,798.9,56,31.715896
136.0,196.0,98.0,199.0,6.0,847.0,783.0,28,26.96540636
246.83,0.0,125.08,143.3,11.99,1086.8,800.89,3,23.52492112
153.0,239.0,0.0,200.0,6.0,1002.0,684.0,28,26.8550902
238.0,0.0,0.0,186.0,0.0,1119.0,789.0,28,17.54026944
325.0,0.0,0.0,184.0,0.0,1063.0,783.0,28,30.57136584
183.9,122.6,0.0,203.5,0.0,959.2,800.0,7,10.787541496
190.68,0.0,125.4,162.14,7.77,1090.0,804.01,56,35.34253976
178.03,129.8,118.6,179.94,3.57,1007.3,746.8,56,48.587373719999995
475.0,0.0,0.0,228.0,0.0,932.0,594.0,365,41.934619796
297.16,0.0,117.54,174.8,9.52,1022.8,753.45,14,36.990387399999996
379.5,151.2,0.0,153.9,15.9,1134.3,605.0,91,56.49566344
382.0,0.0,0.0,185.0,0.0,1047.0,739.0,28,37.42475728
326.0,0.0,138.0,199.0,11.0,801.0,792.0,28,40.679083999999996
446.0,24.0,79.0,162.0,11.64,967.0,712.0,3,25.021084039999998
133.0,200.0,0.0,192.0,0.0,927.4,839.2,90,36.588422892
362.6,189.0,0.0,164.9,11.6,944.7,755.8,56,77.29715436
289.0,133.7,0.0,194.9,5.5,924.1,760.1,28,46.247292176
167.35,129.9,128.62,175.46,7.79,1006.3,746.6,100,53.65502232
200.0,133.0,0.0,192.0,0.0,965.4,806.2,7,17.165883972
239.6,359.4,0.0,185.7,0.0,941.6,664.3,28,39.435269296
236.0,0.0,0.0,194.0,0.0,968.0,885.0,3,6.467284879999999
214.9,53.8,121.89,155.63,9.61,1014.3,780.58,100,56.63355864
251.81,0.0,99.94,146.14,12.35,1006.0,899.76,100,45.3675208
155.0,183.0,0.0,193.0,9.0,877.0,868.0,28,23.786922
500.0,0.0,0.0,200.0,0.0,1125.0,613.0,28,44.0919902
401.8,94.7,0.0,147.4,11.4,946.8,852.1,56,73.69808963999999
451.0,0.0,0.0,165.0,11.25,1030.0,745.0,28,78.80021203999999
376.0,0.0,0.0,214.6,0.0,1003.5,762.36,28,31.971002119999998
172.38,13.61,172.37,156.76,4.14,1006.3,856.4,3,21.29101888
313.3,145.0,0.0,178.5,8.0,867.2,824.0,28,40.925226931999994
331.0,0.0,0.0,192.0,0.0,1025.0,821.0,90,37.91428524
181.38,0.0,167.01,169.59,7.56,1055.6,777.8,100,45.3675208
313.3,262.2,0.0,175.5,8.6,1046.9,611.8,56,64.90037588
389.9,189.0,0.0,145.9,22.0,944.7,755.8,3,40.59634688
439.0,177.0,0.0,186.0,11.1,884.9,707.9,7,56.095767359999996
255.5,170.3,0.0,185.7,0.0,1026.6,724.3,7,17.236210524
141.3,212.0,0.0,203.5,0.0,971.8,748.5,7,10.3938507
190.68,0.0,125.4,162.14,7.77,1090.0,804.01,28,26.40003604
154.8,183.4,0.0,193.3,9.1,1047.4,696.7,28,18.287661424
153.0,145.0,113.0,178.0,8.0,1002.0,689.0,28,25.55887532
388.6,97.1,0.0,157.9,12.1,852.1,925.7,3,28.096147
342.0,38.0,0.0,228.0,0.0,932.0,670.0,270,55.064311264
330.5,169.6,0.0,194.9,8.1,811.0,802.3,28,56.619079643999996
251.37,0.0,118.27,188.45,5.75,1028.4,757.73,3,17.22311048
446.0,24.0,79.0,162.0,11.64,967.0,712.0,28,44.42293868
528.0,0.0,0.0,185.0,6.86,920.0,720.0,28,56.83350668
154.8,183.4,0.0,193.3,9.1,877.2,867.7,28,23.786922
284.0,15.0,141.0,179.0,5.46,842.0,801.0,28,43.733462679999995
349.0,0.0,0.0,192.0,0.0,1056.0,809.0,3,15.87173752
167.0,75.4,167.0,164.03,7.91,1007.3,770.1,3,15.520104759999999
143.0,169.0,143.0,191.0,8.0,967.0,643.0,28,29.72331036
325.0,0.0,0.0,184.0,0.0,1063.0,783.0,7,17.54026944
321.4,0.0,127.9,182.5,11.5,870.1,779.7,28,37.265488323999996
500.0,0.0,0.0,200.0,0.0,1125.0,613.0,14,36.93522932
375.0,93.8,0.0,126.6,23.4,852.1,992.6,56,60.19814956
427.5,47.5,0.0,228.0,0.0,932.0,594.0,7,35.076402024
531.3,0.0,0.0,141.8,28.2,852.1,893.7,56,58.798513279999995
252.0,97.0,76.0,194.0,8.0,835.0,821.0,28,33.398217439999996
167.95,42.08,163.83,121.75,5.72,1058.7,780.11,56,32.8535314
198.6,132.4,0.0,192.0,0.0,978.4,825.5,7,14.638264955999999
231.75,0.0,121.62,173.96,6.72,1056.4,778.45,3,15.43736764
362.6,189.0,0.0,164.9,11.6,944.7,755.8,56,77.29715436
250.0,0.0,95.69,191.84,5.33,948.9,857.2,100,41.1617172
288.0,192.0,0.0,192.0,0.0,932.0,717.8,28,38.804398756000005
173.0,116.0,0.0,192.0,0.0,946.8,856.8,7,11.392211948
339.0,0.0,0.0,197.0,0.0,968.0,781.0,14,27.04124872
446.0,24.0,79.0,162.0,10.3,967.0,712.0,56,54.765078679999995
313.3,262.2,0.0,175.5,8.6,1046.9,611.8,28,59.79825348
116.0,173.0,0.0,192.0,0.0,909.8,891.9,7,10.089791784
116.0,173.0,0.0,192.0,0.0,909.8,891.9,90,31.023662096000002
491.0,26.0,123.0,210.0,3.93,882.0,699.0,28,55.55108132
266.0,114.0,0.0,228.0,0.0,932.0,670.0,90,47.029847436000004
150.9,0.0,183.9,166.6,11.6,991.2,772.2,28,15.569747031999999
331.0,0.0,0.0,192.0,0.0,978.0,825.0,3,13.52062436
318.0,0.0,126.0,210.0,6.0,861.0,737.0,28,40.0585556
491.0,26.0,123.0,210.0,3.93,882.0,699.0,7,33.488834284729315
424.0,22.0,132.0,168.0,8.92,822.0,750.0,7,40.28509771527068
143.0,169.4,142.7,190.7,8.4,967.4,643.5,28,29.726068263999995
424.0,22.0,132.0,178.0,8.48,882.0,750.0,3,32.01138571527068
272.8,181.9,0.0,185.7,0.0,1012.4,714.3,28,31.38150014
200.0,133.0,0.0,192.0,0.0,965.4,806.2,3,11.414275179999999
525.0,0.0,0.0,189.0,0.0,1125.0,613.0,270,67.11359384
153.6,144.2,112.3,220.1,10.1,923.2,657.9,28,16.503987012
366.0,187.0,0.0,191.3,6.6,824.3,756.9,28,65.909079268
167.0,75.4,167.0,164.03,7.91,1007.3,770.1,28,41.40992856
250.0,180.0,95.0,159.0,9.45,860.0,800.0,28,67.86512268
446.0,24.0,79.0,162.0,10.3,967.0,712.0,28,53.38612668
500.0,0.0,0.0,200.0,0.0,1125.0,613.0,270,55.15808
141.3,212.0,0.0,203.5,0.0,971.8,748.5,3,4.827710952
173.81,93.37,159.9,172.34,9.73,1007.2,746.6,100,50.93848688
153.0,102.0,0.0,192.0,0.0,888.0,943.1,90,26.322814728
190.0,190.0,0.0,228.0,0.0,932.0,670.0,180,46.931941843999994
297.16,0.0,117.54,174.8,9.52,1022.8,753.45,3,21.91154728
276.0,116.0,90.0,180.0,9.0,870.0,768.0,28,44.27814872
246.83,0.0,125.08,143.3,11.99,1086.8,800.89,56,60.32225524
167.35,129.9,128.62,175.46,7.79,1006.3,746.6,56,51.72448952
446.0,24.0,79.0,162.0,11.64,967.0,712.0,7,39.300132
337.9,189.0,0.0,174.9,9.5,944.7,755.8,28,49.89737812
362.6,189.0,0.0,164.9,11.6,944.7,755.8,3,35.3011712
475.0,0.0,0.0,228.0,0.0,932.0,594.0,28,39.28978986
359.0,19.0,141.0,154.0,10.91,942.0,801.0,56,68.75060685418796
382.0,0.0,0.0,186.0,0.0,1047.0,739.0,28,37.42475728
236.0,0.0,0.0,193.0,0.0,968.0,885.0,7,9.99050724
233.81,0.0,94.58,197.89,4.567,947.04,852.16,56,27.66177712
425.0,106.3,0.0,153.5,16.5,852.1,887.1,28,60.2946762
238.0,0.0,0.0,186.0,0.0,1119.0,789.0,7,12.052040479999999
362.6,189.0,0.0,164.9,11.6,944.7,755.8,56,77.29715436
144.8,0.0,133.6,180.8,11.1,979.5,811.5,28,13.202086448
500.0,0.0,0.0,200.0,0.0,1125.0,613.0,180,51.04190828
339.0,0.0,0.0,197.0,0.0,968.0,781.0,180,36.44570136
135.0,105.0,193.0,196.0,6.0,965.0,643.0,28,21.91154728
425.0,106.3,0.0,153.5,16.5,852.1,887.1,91,65.19685056
302.0,0.0,0.0,203.0,0.0,974.0,817.0,28,21.7529678
307.0,0.0,0.0,193.0,0.0,968.0,812.0,28,27.53077668
164.0,163.0,128.0,197.0,8.0,961.0,641.0,28,27.234302
108.3,162.4,0.0,203.5,0.0,938.2,849.0,7,7.723510152
249.1,0.0,98.75,158.11,12.8,987.76,889.01,100,51.0556978
331.0,0.0,0.0,192.0,0.0,978.0,825.0,28,31.44700036
139.9,132.6,103.3,200.3,7.4,916.0,753.4,28,36.443632932
150.7,0.0,185.3,166.7,15.6,1074.5,678.0,28,13.461329424
313.0,0.0,113.0,178.0,8.0,1002.0,689.0,28,36.80422888
153.0,102.0,0.0,192.0,0.0,888.0,943.1,3,4.782205536
218.23,54.64,123.78,140.75,11.91,1075.7,792.67,56,61.99078716
252.31,0.0,98.75,146.25,14.17,987.76,889.01,14,42.29245784
277.0,0.0,0.0,191.0,0.0,968.0,856.0,90,31.25394708
170.3,155.5,0.0,185.7,0.0,1026.6,724.3,28,25.726417988
480.0,0.0,0.0,192.0,0.0,936.2,712.2,28,43.942373908
220.8,147.2,0.0,185.7,0.0,1055.0,744.3,7,13.089012384
153.0,102.0,0.0,192.0,0.0,888.0,943.1,7,8.374375495999999
424.0,22.0,132.0,168.0,8.92,822.0,750.0,28,72.09850532
168.88,42.22,124.25,158.33,10.83,1080.8,796.15,28,31.11605188
266.2,112.3,87.5,177.9,10.4,909.7,744.5,28,39.421479776
469.0,117.2,0.0,137.8,32.2,852.1,840.5,3,40.1964508
155.0,0.0,143.0,193.0,9.0,1047.0,697.0,28,12.45883132
277.0,0.0,0.0,191.0,0.0,968.0,856.0,3,11.36256448
359.0,19.0,141.0,154.0,10.91,942.0,801.0,56,66.78067543054136
300.0,0.0,0.0,184.0,0.0,1075.0,795.0,7,15.575262839999999
275.0,180.0,120.0,162.0,10.35,830.0,765.0,28,76.23536132
382.5,0.0,0.0,185.7,0.0,1047.8,739.3,28,37.437857324
393.0,0.0,0.0,192.0,0.0,940.0,758.0,28,39.58281716
186.2,124.1,0.0,185.7,0.0,1083.4,764.3,7,7.995853172
167.35,129.9,128.62,175.46,7.79,1006.3,746.6,14,31.812422639999998
380.0,0.0,0.0,228.0,0.0,932.0,670.0,90,52.908319811999995
122.6,183.9,0.0,203.5,0.0,958.2,800.1,3,3.31982694
427.5,47.5,0.0,228.0,0.0,932.0,594.0,28,37.427515183999994
336.5,0.0,0.0,181.9,3.4,985.8,816.8,28,44.868340176000004
194.68,0.0,100.52,165.62,7.48,1006.4,905.9,14,24.986610239999997
149.0,139.0,109.0,193.0,6.0,892.0,780.0,28,23.69039536
255.0,0.0,0.0,192.0,0.0,889.8,945.0,28,18.746162964
375.0,93.8,0.0,126.6,23.4,852.1,992.6,3,28.99936056
295.71,0.0,95.64,171.54,8.87,955.14,859.2,56,48.718374159999996
359.0,19.0,141.0,154.0,10.91,942.0,801.0,3,23.639177145812038
277.19,97.82,24.46,160.7,11.19,1061.7,782.46,100,66.9481196
284.0,120.0,0.0,168.0,7.0,970.0,794.0,28,40.93419012
255.0,0.0,0.0,192.0,0.0,889.8,945.0,90,21.859147104
313.0,145.0,0.0,127.0,8.0,1000.0,822.0,28,44.51946532
288.0,192.0,0.0,192.0,0.0,932.0,717.8,90,50.526869708
318.8,212.5,0.0,155.7,14.3,852.1,880.4,28,55.495923239999996
305.3,203.5,0.0,203.5,0.0,965.4,631.0,28,43.377003588
151.0,0.0,184.0,167.0,12.0,991.0,772.0,28,15.568368079999999
250.0,0.0,95.69,191.84,5.33,948.9,857.2,56,39.64487
182.04,45.21,121.97,170.21,8.19,1059.4,780.65,3,7.3153403599999995
155.6,243.5,0.0,180.3,10.7,1022.0,697.7,28,37.363393916
213.5,0.0,174.24,154.61,11.66,1052.3,775.48,56,51.4349096
531.3,0.0,0.0,141.8,28.2,852.1,893.7,3,41.2996124
297.16,0.0,117.54,174.8,9.52,1022.8,753.45,100,56.7438748
184.0,86.0,190.0,213.0,6.0,923.0,623.0,28,22.93197176
167.95,42.08,163.83,121.75,5.72,1058.7,780.11,100,39.2311844
316.1,210.7,0.0,185.7,0.0,977.0,689.3,7,24.437787344
393.0,0.0,0.0,192.0,0.0,940.6,785.6,3,19.199148695999998
102.0,153.0,0.0,192.0,0.0,887.0,942.0,3,4.565020596
190.34,0.0,125.18,166.61,9.88,1079.0,798.9,28,24.84871504
166.09,0.0,163.27,176.46,4.49,1058.6,780.09,3,10.76272036
296.0,0.0,0.0,186.0,0.0,1090.0,769.0,28,25.17966352
167.0,75.4,167.0,164.03,7.91,1007.3,770.1,56,53.46196904
165.0,128.5,132.1,175.06,8.08,1005.8,746.6,56,53.72396992
190.0,190.0,0.0,228.0,0.0,932.0,670.0,365,53.69225402399999
198.6,132.4,0.0,192.0,0.0,978.4,825.5,28,28.021683592
252.31,0.0,98.75,146.25,14.17,987.76,889.01,100,60.949678399999996
198.6,132.4,0.0,192.0,0.0,978.4,825.5,90,38.074243671999994
349.0,0.0,0.0,192.0,0.0,1047.0,806.0,180,41.05140104
262.0,111.0,86.0,195.0,5.0,895.0,733.0,28,33.7153764
154.8,0.0,142.8,193.3,9.1,1047.4,696.7,28,12.459520796
167.95,42.08,163.83,121.75,5.72,1058.7,780.11,3,7.74971024
252.31,0.0,98.75,146.25,14.17,987.76,889.01,28,50.60064364
374.0,189.2,0.0,170.1,10.1,926.1,756.7,7,46.20178676
339.0,0.0,0.0,197.0,0.0,968.0,781.0,365,38.89334116
212.07,0.0,121.62,180.31,5.69,1057.6,779.32,100,39.6103962
213.72,98.05,24.51,181.71,6.86,1065.8,785.38,100,53.90323368
375.0,0.0,0.0,186.0,0.0,1038.0,758.0,28,38.21075992
331.0,170.0,0.0,195.0,8.0,811.0,802.0,28,56.61287436
393.0,0.0,0.0,192.0,0.0,940.6,785.6,28,39.604880392
295.71,0.0,95.64,171.54,8.87,955.14,859.2,14,35.2322236
393.0,0.0,0.0,192.0,0.0,940.6,785.6,90,48.846616696
200.0,0.0,0.0,180.0,0.0,1125.0,845.0,7,7.8393421199999995
182.04,45.21,121.97,170.21,8.19,1059.4,780.65,56,43.49904084
349.0,0.0,0.0,192.0,0.0,1047.0,806.0,7,18.12632404
183.9,122.6,0.0,203.5,0.0,959.2,800.0,90,32.53292506
237.5,237.5,0.0,228.0,0.0,932.0,594.0,7,26.258003984
401.8,94.7,0.0,147.4,11.4,946.8,852.1,28,68.4994406
322.0,0.0,0.0,203.0,0.0,974.0,800.0,28,25.17966352
296.0,0.0,107.0,221.0,11.0,819.0,778.0,28,31.419421319999998
159.0,149.0,116.0,175.0,15.0,953.0,720.0,28,27.67556664
362.6,189.0,0.0,164.9,11.6,944.7,755.8,28,71.29871315999999
500.0,0.0,0.0,200.0,0.0,1125.0,613.0,7,33.21205892
200.0,200.0,0.0,190.0,0.0,1145.0,660.0,28,49.249270679999995
152.0,0.0,112.0,184.0,8.0,992.0,816.0,28,12.17614616
108.3,162.4,0.0,203.5,0.0,938.2,849.0,3,2.331807832
424.0,22.0,132.0,178.0,8.48,822.0,750.0,56,65.69721314581203
168.88,42.22,124.25,158.33,10.83,1080.8,796.15,3,7.3980774799999995
183.9,122.6,0.0,203.5,0.0,959.2,800.0,28,24.046164976
151.6,0.0,111.9,184.4,7.9,992.0,815.9,28,12.180972492
212.0,141.3,0.0,203.5,0.0,973.4,750.0,3,6.8085755
298.0,0.0,107.0,164.0,13.0,953.0,784.0,28,35.85964676
229.68,0.0,118.16,195.23,6.13,1028.1,757.63,3,13.35515012
190.68,0.0,125.4,162.14,7.77,1090.0,804.01,3,15.04436632
296.0,0.0,0.0,192.0,0.0,1085.0,765.0,90,29.39236188
212.57,0.0,100.39,159.35,10.37,1003.8,903.79,28,37.404073
290.35,0.0,96.18,168.08,9.41,961.18,865.0,56,45.08483564
401.8,94.7,0.0,147.4,11.4,946.8,852.1,3,41.09966436
249.1,0.0,98.75,158.11,12.8,987.76,889.01,3,15.361525279999999
355.0,19.0,97.0,145.0,12.25,967.0,871.0,28,55.45455468
439.0,177.0,0.0,186.0,11.1,884.9,707.9,91,73.29819356
252.5,0.0,0.0,185.7,0.0,1111.6,784.3,7,11.483912255999998
249.1,0.0,98.75,158.11,12.8,987.76,889.01,56,42.030456959999995
255.0,0.0,0.0,192.0,0.0,889.8,945.0,3,8.204074924
190.68,0.0,125.4,162.14,7.77,1090.0,804.01,100,40.56876784
159.0,187.0,0.0,176.0,11.0,990.0,789.0,28,32.763899519999995
